Question ID,URL,Section,Module
cmf862o930012v67m0ikm64ei,"https://oneprep.xyz/question/2630/?question_set=exam&exam_id=25","Reading and Writing","Reading Module 1 - Routing"
cmf862ovw001ov67minr1kz7b,"https://oneprep.xyz/question/2631/?question_set=exam&exam_id=25","Reading and Writing","Reading Module 1 - Routing"
cmf862p7d001zv67ms9ekxinz,"https://oneprep.xyz/question/2632/?question_set=exam&exam_id=25","Reading and Writing","Reading Module 1 - Routing"
cmf862ptf002lv67mgvtc8xn3,"https://oneprep.xyz/question/2633/?question_set=exam&exam_id=25","Reading and Writing","Reading Module 1 - Routing"
cmf862quq003iv67m9v4xfgun,"https://oneprep.xyz/question/2634/?question_set=exam&exam_id=25","Reading and Writing","Reading Module 1 - Routing"
cmf86345300gev67m7x7ucz2t,"https://oneprep.xyz/question/2635/?question_set=exam&exam_id=25","Reading and Writing","Reading Module 2 - Easy"
cmf86372700j7v67mn5o26c9u,"https://oneprep.xyz/question/2636/?question_set=exam&exam_id=25","Reading and Writing","Reading Module 2 - Hard"
cmf8637di00jiv67mp2y6pixm,"https://oneprep.xyz/question/2637/?question_set=exam&exam_id=25","Reading and Writing","Reading Module 2 - Hard"
cmf8637oh00jtv67m1k4fhlmb,"https://oneprep.xyz/question/2638/?question_set=exam&exam_id=25","Reading and Writing","Reading Module 2 - Hard"
cmf8638bb00kfv67mcpgzy02h,"https://oneprep.xyz/question/2639/?question_set=exam&exam_id=25","Reading and Writing","Reading Module 2 - Hard"
cmf863ced00oev67mbwh5stg0,"https://oneprep.xyz/question/2640/?question_set=exam&exam_id=25","Reading and Writing","Reading Module 2 - Hard"
cmf863cpi00opv67mhs9m3408,"https://oneprep.xyz/question/2641/?question_set=exam&exam_id=25","Reading and Writing","Reading Module 2 - Hard"
cmf863gv300smv67m49l99tmn,"https://oneprep.xyz/question/2642/?question_set=exam&exam_id=25","Reading and Writing","Reading Module 1 - Routing"
cmf863h5t00sxv67mwijv00mj,"https://oneprep.xyz/question/2643/?question_set=exam&exam_id=25","Reading and Writing","Reading Module 1 - Routing"
cmf863hgk00t8v67mvpysw2ov,"https://oneprep.xyz/question/2644/?question_set=exam&exam_id=25","Reading and Writing","Reading Module 1 - Routing"
cmf863hrc00tjv67m2casvtvm,"https://oneprep.xyz/question/2645/?question_set=exam&exam_id=25","Reading and Writing","Reading Module 1 - Routing"
cmf863if000u5v67mld0mp15l,"https://oneprep.xyz/question/2646/?question_set=exam&exam_id=25","Reading and Writing","Reading Module 1 - Routing"
cmf863iq200ugv67m9dybe216,"https://oneprep.xyz/question/2647/?question_set=exam&exam_id=25","Reading and Writing","Reading Module 1 - Routing"
cmf863jmu00vdv67mqz681tz3,"https://oneprep.xyz/question/2648/?question_set=exam&exam_id=25","Reading and Writing","Reading Module 1 - Routing"
cmf863mfn00y4v67mvhxyjprx,"https://oneprep.xyz/question/2649/?question_set=exam&exam_id=25","Reading and Writing","Reading Module 1 - Routing"
cmf863nc000z1v67mlkeou21g,"https://oneprep.xyz/question/2650/?question_set=exam&exam_id=25","Reading and Writing","Reading Module 1 - Routing"
cmf863qyu012gv67m1ijkc41e,"https://oneprep.xyz/question/2651/?question_set=exam&exam_id=25","Reading and Writing","Reading Module 2 - Easy"
cmf863ra0012rv67mj1t8sexy,"https://oneprep.xyz/question/2652/?question_set=exam&exam_id=25","Reading and Writing","Reading Module 2 - Easy"
cmf863rkz0132v67mfz9r1h2v,"https://oneprep.xyz/question/2653/?question_set=exam&exam_id=25","Reading and Writing","Reading Module 2 - Easy"
cmf863s65013ov67mcery0227,"https://oneprep.xyz/question/2654/?question_set=exam&exam_id=25","Reading and Writing","Reading Module 2 - Easy"
cmf863yqp019uv67m44nnqdbl,"https://oneprep.xyz/question/2655/?question_set=exam&exam_id=25","Reading and Writing","Reading Module 2 - Hard"
cmf863z1h01a5v67mwrpewzj7,"https://oneprep.xyz/question/2656/?question_set=exam&exam_id=25","Reading and Writing","Reading Module 2 - Hard"
cmf863zbz01agv67mvuoke858,"https://oneprep.xyz/question/2657/?question_set=exam&exam_id=25","Reading and Writing","Reading Module 2 - Hard"
cmf863zws01b2v67m4d0p7zjo,"https://oneprep.xyz/question/2658/?question_set=exam&exam_id=25","Reading and Writing","Reading Module 2 - Hard"
cmf86453t01g9v67m96ol48mc,"https://oneprep.xyz/question/2659/?question_set=exam&exam_id=25","Reading and Writing","Reading Module 2 - Hard"
cmf864adj01lpv67mq93vbjy1,"https://oneprep.xyz/question/2660/?question_set=exam&exam_id=25","Reading and Writing","Reading Module 1 - Routing"
cmf864b3001mbv67miei4b2oc,"https://oneprep.xyz/question/2661/?question_set=exam&exam_id=25","Reading and Writing","Reading Module 1 - Routing"
cmf864g7v01riv67mdotvp4j8,"https://oneprep.xyz/question/2662/?question_set=exam&exam_id=25","Reading and Writing","Reading Module 1 - Routing"
cmf864giw01rtv67m6wc7ai9p,"https://oneprep.xyz/question/2663/?question_set=exam&exam_id=25","Reading and Writing","Reading Module 1 - Routing"
cmf864jp201uxv67mx3sui4ai,"https://oneprep.xyz/question/2664/?question_set=exam&exam_id=25","Reading and Writing","Reading Module 2 - Easy"
cmf864k1j01v8v67mmva82vzg,"https://oneprep.xyz/question/2665/?question_set=exam&exam_id=25","Reading and Writing","Reading Module 2 - Easy"
cmf864lj401wrv67mp0erj6t9,"https://oneprep.xyz/question/2666/?question_set=exam&exam_id=25","Reading and Writing","Reading Module 2 - Easy"
cmf864lto01x2v67mhcjysbyg,"https://oneprep.xyz/question/2667/?question_set=exam&exam_id=25","Reading and Writing","Reading Module 2 - Easy"
cmf864m4k01xdv67mowqr5dph,"https://oneprep.xyz/question/2668/?question_set=exam&exam_id=25","Reading and Writing","Reading Module 2 - Easy"
cmf864p5r020fv67mvfjly8mw,"https://oneprep.xyz/question/2669/?question_set=exam&exam_id=25","Reading and Writing","Reading Module 2 - Easy"
cmf864pgf020qv67m2empnwrs,"https://oneprep.xyz/question/2670/?question_set=exam&exam_id=25","Reading and Writing","Reading Module 2 - Easy"
cmf864rzf0238v67mkf9o9z1c,"https://oneprep.xyz/question/2671/?question_set=exam&exam_id=25","Reading and Writing","Reading Module 2 - Hard"
cmf864sw10245v67mlqal2my7,"https://oneprep.xyz/question/2672/?question_set=exam&exam_id=25","Reading and Writing","Reading Module 2 - Hard"
cmf864t73024gv67mc1ujgxku,"https://oneprep.xyz/question/2673/?question_set=exam&exam_id=25","Reading and Writing","Reading Module 2 - Hard"
cmf864thw024rv67mlksi2hkt,"https://oneprep.xyz/question/2674/?question_set=exam&exam_id=25","Reading and Writing","Reading Module 2 - Hard"
cmf864xti0291v67ms6dpbaxh,"https://oneprep.xyz/question/2675/?question_set=exam&exam_id=25","Reading and Writing","Reading Module 2 - Hard"
cmf8653jm02euv67mdxictavq,"https://oneprep.xyz/question/2676/?question_set=exam&exam_id=25","Reading and Writing","Reading Module 1 - Routing"
cmf8653uq02f5v67mnac9pj0u,"https://oneprep.xyz/question/2677/?question_set=exam&exam_id=25","Reading and Writing","Reading Module 1 - Routing"
cmf86546002fgv67mbqwv6inq,"https://oneprep.xyz/question/2678/?question_set=exam&exam_id=25","Reading and Writing","Reading Module 1 - Routing"
cmf8654gq02frv67mywimrsry,"https://oneprep.xyz/question/2679/?question_set=exam&exam_id=25","Reading and Writing","Reading Module 1 - Routing"
cmf867g4y0071v63op3anxtue,"https://oneprep.xyz/question/2680/?question_set=exam&exam_id=25","Reading and Writing","Reading Module 1 - Routing"
cmf867jub00agv63o5oyew9im,"https://oneprep.xyz/question/2681/?question_set=exam&exam_id=25","Reading and Writing","Reading Module 2 - Easy"
cmf867k7g00arv63onw14lzp1,"https://oneprep.xyz/question/2682/?question_set=exam&exam_id=25","Reading and Writing","Reading Module 2 - Easy"
cmf867lhj00bzv63ogl9j3bis,"https://oneprep.xyz/question/2683/?question_set=exam&exam_id=25","Reading and Writing","Reading Module 2 - Easy"
cmf867s9o00igv63oufg3t4ne,"https://oneprep.xyz/question/2684/?question_set=exam&exam_id=25","Reading and Writing","Reading Module 2 - Hard"
cmf867svq00j2v63o346675r0,"https://oneprep.xyz/question/2685/?question_set=exam&exam_id=25","Reading and Writing","Reading Module 2 - Hard"
cmf867thu00jov63oltw5svlc,"https://oneprep.xyz/question/2686/?question_set=exam&exam_id=25","Reading and Writing","Reading Module 2 - Hard"
cmf867ttp00jzv63oxcz7pxxt,"https://oneprep.xyz/question/2687/?question_set=exam&exam_id=25","Reading and Writing","Reading Module 2 - Hard"
cmf867u4r00kav63o32cwr13m,"https://oneprep.xyz/question/2688/?question_set=exam&exam_id=25","Reading and Writing","Reading Module 2 - Hard"
cmf868lng01b8v63ohvkeak4e,"https://oneprep.xyz/question/2689/?question_set=exam&exam_id=25","Reading and Writing","Reading Module 2 - Hard"
cmf868lzf01bjv63o3ks3bs16,"https://oneprep.xyz/question/2690/?question_set=exam&exam_id=25","Reading and Writing","Reading Module 2 - Hard"
cmf868mvr01cgv63ovzna3msg,"https://oneprep.xyz/question/2691/?question_set=exam&exam_id=25","Reading and Writing","Reading Module 2 - Hard"
cmf8684t200ubv63o9a75ikr0,"https://oneprep.xyz/question/2692/?question_set=exam&exam_id=25","Reading and Writing","Reading Module 1 - Routing"
cmf8685ph00v8v63ohsjhrrw9,"https://oneprep.xyz/question/2693/?question_set=exam&exam_id=25","Reading and Writing","Reading Module 1 - Routing"
cmf86861e00vjv63ovz5uiv71,"https://oneprep.xyz/question/2694/?question_set=exam&exam_id=25","Reading and Writing","Reading Module 1 - Routing"
cmf868aw6010fv63oh1yd258u,"https://oneprep.xyz/question/2695/?question_set=exam&exam_id=25","Reading and Writing","Reading Module 1 - Routing"
cmf868b6t010qv63or2r4nboi,"https://oneprep.xyz/question/2696/?question_set=exam&exam_id=25","Reading and Writing","Reading Module 1 - Routing"
cmf868blv0113v63o6mn5dbxr,"https://oneprep.xyz/question/2697/?question_set=exam&exam_id=25","Reading and Writing","Reading Module 2 - Easy"
cmf868dd3012xv63oi1klp4jl,"https://oneprep.xyz/question/2698/?question_set=exam&exam_id=25","Reading and Writing","Reading Module 2 - Easy"
cmf868doh0138v63oor66z5w8,"https://oneprep.xyz/question/2699/?question_set=exam&exam_id=25","Reading and Writing","Reading Module 2 - Easy"
cmf868ezw014gv63oi2k95bfq,"https://oneprep.xyz/question/2700/?question_set=exam&exam_id=25","Reading and Writing","Reading Module 2 - Easy"
cmf868j75018qv63o5u5rdgbu,"https://oneprep.xyz/question/2701/?question_set=exam&exam_id=25","Reading and Writing","Reading Module 2 - Easy"
cmf868x8i01n3v63os1oyl8lu,"https://oneprep.xyz/question/2702/?question_set=exam&exam_id=25","Reading and Writing","Reading Module 1 - Routing"
cmf8693y901tvv63owc0fc41e,"https://oneprep.xyz/question/2703/?question_set=exam&exam_id=25","Reading and Writing","Reading Module 2 - Easy"
cmf8695ud01vpv63o676kg776,"https://oneprep.xyz/question/2704/?question_set=exam&exam_id=25","Reading and Writing","Reading Module 2 - Easy"
cmf86966m01w0v63otdznncb8,"https://oneprep.xyz/question/2705/?question_set=exam&exam_id=25","Reading and Writing","Reading Module 2 - Easy"
cmf8696h801wbv63o6cnito6y,"https://oneprep.xyz/question/2706/?question_set=exam&exam_id=25","Reading and Writing","Reading Module 2 - Easy"
cmf8697nz01xjv63okd51iyj0,"https://oneprep.xyz/question/2707/?question_set=exam&exam_id=25","Reading and Writing","Reading Module 2 - Easy"
cmf869bj0021iv63oqn2hz04s,"https://oneprep.xyz/question/2708/?question_set=exam&exam_id=25","Reading and Writing","Reading Module 2 - Easy"
cmf869btx021tv63olpg34zny,"https://oneprep.xyz/question/2709/?question_set=exam&exam_id=25","Reading and Writing","Reading Module 2 - Easy"
cmf869d5r0233v63okh0fws2a,"https://oneprep.xyz/question/2710/?question_set=exam&exam_id=25","Reading and Writing","Reading Module 2 - Hard"
cmf869dgv023ev63o40nrwlvs,"https://oneprep.xyz/question/2711/?question_set=exam&exam_id=25","Reading and Writing","Reading Module 2 - Hard"
cmf869dri023pv63oy67vftu2,"https://oneprep.xyz/question/2712/?question_set=exam&exam_id=25","Reading and Writing","Reading Module 2 - Hard"
cmf869ecy024bv63o6k0lrcxp,"https://oneprep.xyz/question/2713/?question_set=exam&exam_id=25","Reading and Writing","Reading Module 2 - Hard"
cmf869f9i0258v63oepk27i3q,"https://oneprep.xyz/question/2714/?question_set=exam&exam_id=25","Reading and Writing","Reading Module 2 - Hard"
cmf869fkv025jv63ow04jfknz,"https://oneprep.xyz/question/2715/?question_set=exam&exam_id=25","Reading and Writing","Reading Module 2 - Hard"
cmf869jia029iv63o3gc6bt9w,"https://oneprep.xyz/question/2716/?question_set=exam&exam_id=25","Reading and Writing","Reading Module 2 - Hard"
cmf869k3b02a4v63osj8o2mk1,"https://oneprep.xyz/question/2717/?question_set=exam&exam_id=25","Reading and Writing","Reading Module 2 - Hard"